{"cameraMode":{"drawMode":0,"name":"Shaded","section":"Shading Mode"},"sceneLighting":false,"audioPlay":false,"sceneViewState":{"m_AlwaysRefresh":false,"showFog":true,"showSkybox":false,"showFlares":true,"showImageEffects":true,"showParticleSystems":true,"showVisualEffectGraphs":true,"m_FxEnabled":true},"in2DMode":false,"pivot":{"x":-0.24868108332157136,"y":1.0447341203689576,"z":-0.5011737942695618},"rotation":{"x":-0.0907713770866394,"y":-0.007192043587565422,"z":0.0006590127013623714,"w":-0.9958479404449463},"size":1.074872612953186,"orthographic":false}