{"cameraMode":{"drawMode":0,"name":"Shaded","section":"Shading Mode"},"sceneLighting":false,"audioPlay":false,"sceneViewState":{"m_AlwaysRefresh":false,"showFog":true,"showSkybox":false,"showFlares":true,"showImageEffects":true,"showParticleSystems":true,"showVisualEffectGraphs":true,"m_FxEnabled":true},"in2DMode":false,"pivot":{"x":-0.26624763011932375,"y":1.0112658739089966,"z":-0.07220056653022766},"rotation":{"x":0.10714465379714966,"y":-0.02950998768210411,"z":0.0031767510809004308,"w":0.9937939643859863},"size":1.0485453605651856,"orthographic":false}