{"cameraMode":{"drawMode":0,"name":"Shaded","section":"Shading Mode"},"sceneLighting":false,"audioPlay":false,"sceneViewState":{"m_AlwaysRefresh":false,"showFog":true,"showSkybox":false,"showFlares":true,"showImageEffects":true,"showParticleSystems":true,"showVisualEffectGraphs":true,"m_FxEnabled":true},"in2DMode":false,"pivot":{"x":-0.14945709705352784,"y":0.8724361658096314,"z":-0.020145457237958909},"rotation":{"x":0.13270317018032075,"y":-0.24524934589862824,"z":0.03390592336654663,"w":0.9597309827804565},"size":1.0485453605651856,"orthographic":false}