{"cameraMode":{"drawMode":0,"name":"Shaded","section":"Shading Mode"},"sceneLighting":false,"audioPlay":false,"sceneViewState":{"m_AlwaysRefresh":false,"showFog":true,"showSkybox":false,"showFlares":true,"showImageEffects":true,"showParticleSystems":true,"showVisualEffectGraphs":true,"m_FxEnabled":true},"in2DMode":false,"pivot":{"x":0.029057979583740236,"y":-0.02036154270172119,"z":0.6747943162918091},"rotation":{"x":-0.17346370220184327,"y":0.4178438186645508,"z":-0.08161819726228714,"w":-0.8880718946456909},"size":1.541103482246399,"orthographic":false}